"행정구역(구)별","경제활동별","2010","2010","2010","2010","2010","2010","2010","2010","2010","2009","2009","2009","2009","2009","2009","2009","2009","2009","2008","2008","2008","2008","2008","2008","2008","2008","2008","2007","2007","2007","2007","2007","2007","2007","2007","2007","2006","2006","2006","2006","2006","2006","2006","2006","2006","2005","2005","2005","2005","2005","2005","2005","2005","2005"
"행정구역(구)별","경제활동별","산출액(당해년 가격)","중간소비","지역내총부가가치(당해년가격)","고정자본소모","지역내순생산","순기타생산세","지역내요소소득","산출액(2005년 기준년가격)","지역내총부가가치(2005년 기준년가격)","산출액(당해년 가격)","중간소비","지역내총부가가치(당해년가격)","고정자본소모","지역내순생산","순기타생산세","지역내요소소득","산출액(2005년 기준년가격)","지역내총부가가치(2005년 기준년가격)","산출액(당해년 가격)","중간소비","지역내총부가가치(당해년가격)","고정자본소모","지역내순생산","순기타생산세","지역내요소소득","산출액(2005년 기준년가격)","지역내총부가가치(2005년 기준년가격)","산출액(당해년 가격)","중간소비","지역내총부가가치(당해년가격)","고정자본소모","지역내순생산","순기타생산세","지역내요소소득","산출액(2005년 기준년가격)","지역내총부가가치(2005년 기준년가격)","산출액(당해년 가격)","중간소비","지역내총부가가치(당해년가격)","고정자본소모","지역내순생산","순기타생산세","지역내요소소득","산출액(2005년 기준년가격)","지역내총부가가치(2005년 기준년가격)","산출액(당해년 가격)","중간소비","지역내총부가가치(당해년가격)","고정자본소모","지역내순생산","순기타생산세","지역내요소소득","산출액(2005년 기준년가격)","지역내총부가가치(2005년 기준년가격)"
"광주광역시","총부가가치(기초가격)","61,942,576","38,854,591","23,087,985","2,639,447","20,448,538","206,292","20,242,246","52,803,357","20,704,243","52,385,991","32,208,358","20,177,633","2,530,316","17,647,317","193,426","17,453,891","46,347,807","18,927,860","50,548,801","30,576,240","19,972,561","2,570,538","17,402,023","170,182","17,231,841","45,697,907","18,887,944","46,832,104","27,448,883","19,383,221","2,414,148","16,969,073","224,299","16,744,774","46,821,331","18,912,798","43,911,184","25,489,228","18,421,956","2,228,312","16,193,644","193,682","15,999,962","44,174,785","18,229,106","40,735,386","23,513,557","17,221,829","2,028,223","15,193,606","151,813","15,041,793","40,735,386","17,221,829"
"광주광역시","농림어업","341,147","125,925","215,222","19,602","195,620","12,398","183,222","259,235","168,243","302,253","119,143","183,110","14,429","168,681","11,154","157,527","269,932","180,978","294,419","114,664","179,755","14,428","165,327","5,295","160,032","279,385","186,052","300,123","113,493","186,630","14,180","172,450","6,193","166,257","285,243","188,623","295,525","109,313","186,212","14,545","171,667","6,007","165,660","286,230","189,014","292,197","108,251","183,946","14,484","169,462","4,549","164,913","292,197","183,946"
"광주광역시","광업","6,266","2,829","3,437","403","3,034","36","2,998","4,363","2,472","5,840","2,489","3,351","263","3,088","34","3,054","4,788","2,766","7,734","3,272","4,462","340","4,122","29","4,093","6,687","3,992","3,155","1,232","1,923","198","1,725","76","1,649","3,250","2,062","5,672","2,687","2,985","358","2,627","40","2,587","5,796","3,203","4,433","1,794","2,639","254","2,385","15","2,370","4,433","2,639"
"광주광역시","제조업","31,446,377","24,789,905","6,656,472","759,128","5,897,344","16,278","5,881,066","26,329,077","6,016,339","23,920,910","19,128,076","4,792,834","699,169","4,093,665","14,767","4,078,898","20,842,556","4,759,839","22,223,447","17,352,568","4,870,879","804,519","4,066,360","12,442","4,053,918","20,095,836","4,592,154","20,592,117","15,857,139","4,734,978","797,738","3,937,240","35,131","3,902,109","21,637,562","4,922,289","19,182,177","14,626,757","4,555,420","708,361","3,847,059","33,277","3,813,782","19,948,548","4,612,301","17,695,758","13,532,234","4,163,524","592,698","3,570,826","26,053","3,544,773","17,695,758","4,163,524"
"광주광역시","전기,가스,증기및수도사업","1,536,784","1,204,965","331,819","141,539","190,280","1,183","189,097","1,032,240","266,878","1,260,292","1,018,839","241,453","121,905","119,548","1,110","118,438","946,502","264,248","1,408,118","1,272,840","135,278","189,758","-54,480","936","-55,416","1,008,411","287,061","1,032,533","734,015","298,518","113,346","185,172","569","184,603","913,420","275,597","947,046","654,697","292,349","100,235","192,114","530","191,584","871,467","276,708","827,528","572,003","255,525","91,188","164,337","467","163,870","827,528","255,525"
"광주광역시","건설업","3,139,076","2,024,638","1,114,438","91,429","1,023,009","8,946","1,014,063","2,558,414","1,006,927","3,416,839","2,192,585","1,224,254","87,168","1,137,086","8,432","1,128,654","2,902,262","1,129,552","4,260,441","2,721,169","1,539,272","103,377","1,435,895","7,150","1,428,745","3,626,628","1,444,861","3,859,280","2,321,239","1,538,041","86,576","1,451,465","12,463","1,439,002","3,662,060","1,471,417","3,781,365","2,233,047","1,548,318","84,809","1,463,509","11,735","1,451,774","3,688,871","1,525,767","3,332,344","1,965,073","1,367,271","72,886","1,294,385","17,111","1,277,274","3,332,344","1,367,271"
"광주광역시","도매및소매업","4,630,900","2,038,611","2,592,289","170,384","2,421,905","23,300","2,398,605","4,097,699","2,342,103","4,037,285","1,699,364","2,337,921","149,758","2,188,163","21,848","2,166,315","3,739,121","2,219,523","3,943,065","1,547,684","2,395,381","143,707","2,251,674","18,254","2,233,420","3,670,938","2,312,012","3,908,583","1,585,206","2,323,377","148,135","2,175,242","23,353","2,151,889","3,877,966","2,284,590","3,797,318","1,532,647","2,264,671","144,069","2,120,602","22,518","2,098,084","3,793,201","2,256,628","3,609,317","1,464,417","2,144,900","140,054","2,004,846","17,498","1,987,348","3,609,317","2,144,900"
"광주광역시","운수업","1,584,336","784,267","800,069","104,547","695,522","12,846","682,676","1,368,580","748,148","1,264,363","584,011","680,352","130,245","550,107","11,842","538,265","1,108,663","624,956","1,244,492","583,906","660,586","101,053","559,533","9,137","550,396","1,124,012","664,083","1,211,089","542,716","668,373","115,969","552,404","8,430","543,974","1,132,712","632,070","1,223,082","565,506","657,576","102,772","554,804","8,749","546,055","1,180,161","648,219","1,114,502","523,053","591,449","89,301","502,148","7,138","495,010","1,114,502","591,449"
"광주광역시","숙박및음식점업","1,673,505","1,154,585","518,920","25,358","493,562","6,986","486,576","1,443,091","485,658","1,659,267","1,149,933","509,334","24,111","485,223","6,540","478,683","1,463,591","485,256","1,669,541","1,131,130","538,411","25,034","513,377","5,554","507,823","1,533,468","507,112","1,531,012","1,011,089","519,923","24,889","495,034","8,022","487,012","1,482,055","488,936","1,448,766","961,774","486,992","22,661","464,331","7,473","456,858","1,427,385","471,058","1,349,523","894,266","455,257","21,544","433,713","6,008","427,705","1,349,523","455,257"
"광주광역시","정보및통신업","1,349,114","834,152","514,962","112,487","402,475","1,481","400,994","1,326,684","578,745","1,283,559","791,546","492,013","168,776","323,237","1,402","321,835","1,254,111","534,291","1,151,159","703,161","447,998","154,367","293,631","1,219","292,412","1,157,623","496,518","1,154,798","657,417","497,381","156,073","341,308","5,998","335,310","1,163,718","519,412","1,133,338","637,060","496,278","152,542","343,736","7,142","336,594","1,130,126","501,374","1,084,261","599,412","484,849","152,508","332,341","5,724","326,617","1,084,261","484,849"
"광주광역시","금융및보험업","2,677,230","1,250,051","1,427,179","75,365","1,351,814","7,639","1,344,175","2,595,717","1,397,917","2,453,562","1,182,998","1,270,564","73,384","1,197,180","7,167","1,190,013","2,498,257","1,331,961","2,508,430","1,184,884","1,323,546","73,346","1,250,200","5,999","1,244,201","2,462,484","1,331,229","2,298,156","1,056,095","1,242,061","68,514","1,173,547","9,081","1,164,466","2,315,797","1,276,609","2,008,174","881,605","1,126,569","63,723","1,062,846","8,152","1,054,694","2,012,571","1,142,230","1,926,851","789,139","1,137,712","61,101","1,076,611","6,284","1,070,327","1,926,851","1,137,712"
"광주광역시","부동산업및임대업","2,334,474","588,695","1,745,779","343,270","1,402,509","83,857","1,318,652","2,184,169","1,612,307","2,281,916","575,816","1,706,100","327,166","1,378,934","79,926","1,299,008","2,148,808","1,568,747","2,213,705","560,256","1,653,449","302,550","1,350,899","79,954","1,270,945","2,113,527","1,551,100","2,118,331","527,619","1,590,712","293,623","1,297,089","99,966","1,197,123","2,061,926","1,503,120","2,050,867","532,019","1,518,848","282,989","1,235,859","81,623","1,154,236","2,023,226","1,491,335","1,951,545","514,289","1,437,256","269,761","1,167,495","55,748","1,111,747","1,951,545","1,437,256"
"광주광역시","사업서비스업","1,651,488","607,763","1,043,725","43,341","1,000,384","4,976","995,408","1,389,490","852,469","1,485,852","518,058","967,794","43,651","924,143","4,695","919,448","1,285,684","815,635","1,401,645","483,385","918,260","41,015","877,245","4,101","873,144","1,230,271","788,222","1,292,230","451,568","840,662","38,254","802,408","4,807","797,601","1,215,750","768,222","1,175,397","413,692","761,705","35,062","726,643","4,086","722,557","1,137,911","727,079","1,059,710","377,097","682,613","31,235","651,378","3,349","648,029","1,059,710","682,613"
"광주광역시","공공행정,국방및사회보장행정","2,051,138","561,209","1,489,929","343,920","1,146,009","130","1,145,879","1,759,218","1,275,417","1,994,722","565,011","1,429,711","309,797","1,119,914","119","1,119,795","1,741,250","1,239,909","1,821,673","521,693","1,299,980","267,775","1,032,205","109","1,032,096","1,645,171","1,170,473","1,663,800","431,235","1,232,565","238,615","993,950","100","993,850","1,572,839","1,154,537","1,524,831","369,868","1,154,963","221,124","933,839","78","933,761","1,482,481","1,120,574","1,659,525","407,209","1,252,316","221,140","1,031,176","82","1,031,094","1,659,525","1,252,316"
"광주광역시","교육서비스업","2,825,584","615,137","2,210,447","194,926","2,015,521","2,443","2,013,078","2,323,684","1,814,865","2,741,311","629,683","2,111,628","183,552","1,928,076","2,340","1,925,736","2,297,973","1,766,027","2,519,531","535,930","1,983,601","167,285","1,816,316","2,199","1,814,117","2,177,389","1,714,737","2,324,714","468,647","1,856,067","150,484","1,705,583","2,889","1,702,694","2,123,013","1,685,361","2,125,574","424,217","1,701,357","143,738","1,557,619","691","1,556,928","2,043,983","1,635,317","1,916,673","372,921","1,543,752","131,081","1,412,671","563","1,412,108","1,916,673","1,543,752"
"광주광역시","보건업및사회복지서비스업","2,672,667","1,186,708","1,485,959","140,578","1,345,381","5,572","1,339,809","2,344,630","1,293,201","2,422,043","1,078,334","1,343,709","126,800","1,216,909","5,167","1,211,742","2,175,326","1,198,206","2,087,964","933,644","1,154,320","111,070","1,043,250","4,404","1,038,846","1,918,317","1,033,997","1,871,978","832,040","1,039,938","101,213","938,725","3,636","935,089","1,776,859","962,639","1,656,556","740,595","915,961","89,971","825,990","769","825,221","1,619,536","887,134","1,457,371","628,737","828,634","82,398","746,236","582","745,654","1,457,371","828,634"
"광주광역시","예술,스포츠및여가관련서비스업","418,071","193,285","224,786","22,971","201,815","7,915","193,900","379,715","210,455","377,975","163,548","214,427","22,977","191,450","7,303","184,147","348,196","201,029","370,305","161,131","209,174","22,192","186,982","5,649","181,333","353,553","203,418","346,703","149,679","197,024","19,968","177,056","1,617","175,439","338,574","192,833","340,948","148,978","191,970","19,232","172,738","357","172,381","339,719","193,122","316,636","141,313","175,323","17,586","157,737","284","157,453","316,636","175,323"
"광주광역시","기타서비스업","1,604,419","891,866","712,553","50,199","662,354","10,306","652,048","1,407,351","632,099","1,478,002","808,924","669,078","47,165","621,913","9,580","612,333","1,320,787","604,937","1,423,132","764,923","658,209","48,722","609,487","7,751","601,736","1,294,207","600,923","1,323,502","708,454","615,048","46,373","568,675","1,968","566,707","1,258,587","584,481","1,214,548","654,766","559,782","42,121","517,661","455","517,206","1,183,573","548,042","1,137,212","622,349","514,863","39,004","475,859","358","475,501","1,137,212","514,863"
"동      구","총부가가치(기초가격)","4,266,842","1,919,147","2,347,696","332,620","2,015,075","29,680","1,985,395","3,722,203","2,078,513","3,862,433","1,739,057","2,123,376","314,453","1,808,923","28,104","1,780,819","3,440,581","1,950,616","3,573,878","1,505,644","2,068,234","266,522","1,801,712","26,071","1,775,640","3,565,291","1,976,281","3,691,499","1,569,138","2,122,361","256,857","1,865,504","34,831","1,830,673","3,558,970","2,026,471","3,497,315","1,429,106","2,068,209","263,526","1,804,683","29,825","1,774,858","3,591,745","2,150,827","3,311,034","1,312,122","1,998,912","228,419","1,770,493","22,911","1,747,582","3,311,034","1,998,912"
"동      구","농림어업","12,799","5,658","7,141","738","6,403","465","5,938","10,416","6,303","11,578","5,396","6,182","537","5,645","427","5,218","10,645","6,621","11,677","5,469","6,208","564","5,644","210","5,434","11,421","6,968","4,234","1,595","2,639","200","2,439","87","2,352","4,019","2,662","4,160","1,534","2,626","205","2,421","85","2,336","4,025","2,661","4,052","1,486","2,566","202","2,364","63","2,301","4,052","2,566"
"동      구","광업","227","103","125","15","110","1","109","158","90","212","90","121","10","112","1","111","173","100","280","119","162","12","149","1","148","242","145","13","5","8","1","7","0","7","14","9","4","2","2","0","2","0","2","4","2","200","81","119","11","108","1","107","200","119"
"동      구","제조업","114,297","79,784","34,513","3,307","31,206","59","31,147","72,089","20,676","92,379","64,680","27,698","3,344","24,354","57","24,297","64,115","17,996","89,539","63,597","25,942","3,556","22,386","50","22,336","62,555","17,599","86,682","60,778","25,904","3,334","22,570","148","22,422","73,262","20,475","85,173","59,235","25,938","3,252","22,686","148","22,538","76,924","21,847","75,775","51,834","23,941","2,907","21,034","111","20,923","75,775","23,941"
"동      구","전기,가스,증기및수도사업","129,375","101,871","27,504","12,137","15,367","100","15,267","86,983","22,270","95,103","75,134","19,969","9,717","10,252","83","10,169","72,041","21,533","115,374","102,368","13,006","17,178","-4,172","77","-4,249","83,702","25,245","9,162","3,186","5,976","2,531","3,445","5","3,440","8,690","5,758","13,952","6,508","7,444","2,394","5,050","8","5,042","13,230","7,178","13,794","6,320","7,474","2,222","5,252","8","5,244","13,794","7,474"
"동      구","건설업","301,209","194,757","106,451","9,027","97,425","858","96,566","245,968","96,447","219,632","159,139","60,493","12,926","47,567","359","47,208","123,691","54,945","173,837","101,259","72,578","3,955","68,623","292","68,331","266,514","95,606","175,145","101,736","73,409","4,190","69,219","566","68,653","166,337","70,163","158,679","90,413","68,266","3,747","64,519","492","64,027","155,110","67,398","175,905","101,164","74,741","4,192","70,549","903","69,646","175,905","74,741"
"동      구","도매및소매업","621,837","274,653","347,184","22,619","324,565","3,142","321,423","551,284","304,032","446,213","185,101","261,112","16,849","244,263","2,535","241,728","414,860","241,326","431,569","111,542","320,027","5,970","314,057","1,383","312,674","454,286","368,600","486,944","210,568","276,376","24,328","252,048","3,235","248,813","482,991","271,806","406,246","154,483","251,763","18,643","233,120","2,356","230,764","405,341","250,715","423,272","171,551","251,721","13,763","237,958","2,099","235,859","423,272","251,721"
"동      구","운수업","70,251","30,139","40,111","8,888","31,223","569","30,654","61,957","37,976","51,319","25,932","25,386","19,649","5,737","481","5,256","45,414","23,903","58,753","23,988","34,765","6,123","28,642","431","28,211","53,329","34,171","69,961","39,362","30,599","17,599","13,000","487","12,513","65,784","29,266","77,104","38,448","38,656","16,141","22,515","551","21,964","74,716","38,550","83,044","40,936","42,108","13,897","28,211","532","27,679","83,044","42,108"
"동      구","숙박및음식점업","256,007","175,855","80,152","7,980","72,172","1,420","70,752","221,020","74,855","254,708","176,448","78,260","7,629","70,631","1,409","69,222","224,959","74,422","261,609","177,059","84,550","7,730","76,820","1,252","75,568","240,483","79,691","249,299","164,224","85,075","8,186","76,889","1,885","75,004","241,392","80,034","237,041","156,995","80,046","7,663","72,383","1,769","70,614","233,575","77,441","232,258","153,331","78,927","7,742","71,185","1,500","69,685","232,258","78,927"
"동      구","정보및통신업","160,209","101,829","58,380","12,578","45,802","176","45,626","152,519","61,760","178,584","111,311","67,273","16,875","50,398","195","50,203","169,691","69,684","136,326","87,658","48,667","14,169","34,498","145","34,354","134,528","51,701","123,000","73,600","49,400","14,214","35,186","639","34,547","120,612","49,136","159,327","93,228","66,099","17,656","48,443","1,004","47,439","158,631","66,768","140,172","83,939","56,233","14,425","41,808","740","41,068","140,172","56,233"
"동      구","금융및보험업","658,035","304,415","353,620","19,717","333,903","1,995","331,908","636,199","343,870","740,315","354,573","385,741","21,790","363,951","2,153","361,798","753,464","403,806","748,897","351,888","397,010","24,414","372,596","1,982","370,614","734,821","398,547","828,683","392,276","436,407","25,362","411,045","3,250","407,795","833,699","447,741","750,351","345,171","405,180","24,815","380,365","3,020","377,345","751,841","410,930","678,477","274,191","404,286","22,636","381,650","2,276","379,374","678,477","404,286"
"동      구","부동산업및임대업","273,225","63,212","210,013","67,778","142,235","16,836","125,399","256,046","193,752","268,048","61,908","206,140","64,314","141,826","17,028","124,798","253,163","189,635","279,662","64,247","215,415","61,508","153,907","17,442","136,465","393,669","204,684","283,435","63,560","219,875","63,968","155,907","22,257","133,650","276,027","208,990","331,156","80,229","250,927","73,362","177,565","19,293","158,272","481,752","366,645","301,290","73,060","228,230","64,148","164,082","13,452","150,630","301,290","228,230"
"동      구","사업서비스업","353,173","136,603","216,570","9,622","206,949","1,056","205,893","307,458","186,108","218,757","80,084","138,673","5,854","132,819","717","132,102","195,461","122,665","233,964","88,057","145,908","6,087","139,820","702","139,118","211,777","131,006","251,973","95,047","156,926","6,311","150,615","960","149,655","238,046","144,241","193,627","70,517","123,110","5,409","117,701","676","117,025","187,637","117,675","305,897","113,912","191,985","9,337","182,648","969","181,679","305,897","191,985"
"동      구","공공행정,국방및사회보장행정","186,028","37,999","148,028","90,046","57,982","14","57,968","159,547","126,757","192,312","19,354","172,957","66,684","106,274","14","106,260","167,811","150,105","161,153","9,611","151,542","64,516","87,026","12","87,014","145,505","136,472","192,003","42,698","149,305","30,944","118,361","14","118,347","181,457","139,881","265,192","52,646","212,546","43,557","168,989","17","168,972","257,760","206,247","263,174","55,010","208,164","38,644","169,520","16","169,504","263,174","208,164"
"동      구","교육서비스업","485,700","98,030","387,670","35,406","352,264","323","351,941","399,729","319,333","516,235","116,738","399,497","37,911","361,587","361","361,225","432,040","334,585","361,145","72,803","288,342","24,000","264,342","395","263,947","308,164","245,703","417,715","75,861","341,854","27,401","314,453","479","313,974","377,934","306,419","367,050","67,215","299,835","22,514","277,321","166","277,155","352,113","287,204","331,029","58,452","272,577","21,067","251,510","141","251,369","331,029","272,577"
"동      구","보건업및사회복지서비스업","438,225","204,843","233,383","25,627","207,756","563","207,192","380,793","200,033","388,973","182,564","206,409","22,715","183,694","495","183,199","345,726","181,800","333,501","155,540","177,960","19,373","158,587","435","158,152","302,674","156,609","352,224","169,253","182,971","21,219","161,752","402","161,350","333,627","167,845","302,040","144,151","157,889","17,857","140,032","148","139,884","294,762","152,334","127,987","48,108","79,879","6,884","72,995","16","72,979","127,987","79,879"
"동      구","예술,스포츠및여가관련서비스업","56,078","25,946","30,132","3,031","27,101","1,063","26,037","50,859","28,123","52,614","47,407","5,207","3,011","2,196","984","1,212","48,000","3,611","38,989","16,908","22,081","2,295","19,786","584","19,202","36,861","21,072","53,633","23,246","30,387","3,029","27,358","259","27,099","52,235","29,583","52,795","23,124","29,671","2,926","26,745","57","26,688","52,577","29,814","48,217","21,301","26,916","2,666","24,250","45","24,205","48,217","26,916"
"동      구","기타서비스업","150,168","83,451","66,718","4,104","62,614","1,038","61,576","129,176","56,128","135,451","73,196","62,255","4,638","57,617","805","56,812","119,326","53,879","137,603","73,531","64,072","5,072","59,000","678","58,322","124,760","57,731","107,393","52,143","55,250","4,040","51,210","158","51,052","102,842","52,462","93,418","45,207","48,211","3,385","44,826","35","44,791","91,747","47,418","106,491","57,446","49,045","3,676","45,369","39","45,330","106,491","49,045"
"서     구","총부가가치(기초가격)","15,591,957","9,900,903","5,691,053","557,963","5,133,090","51,384","5,081,707","13,294,507","5,004,603","13,096,491","7,896,875","5,199,616","540,808","4,658,808","50,621","4,608,187","11,845,578","4,669,758","13,969,961","8,690,167","5,279,794","600,004","4,679,790","44,939","4,634,851","13,234,872","4,980,096","12,951,028","8,038,035","4,912,993","626,217","4,286,776","59,472","4,227,304","13,418,275","4,797,888","12,216,262","7,555,721","4,660,541","583,085","4,077,456","51,785","4,025,671","12,498,482","4,583,649","10,839,312","6,547,640","4,291,672","546,122","3,745,550","39,547","3,706,003","10,839,312","4,291,672"
"서     구","농림어업","32,894","13,078","19,816","1,899","17,917","1,195","16,722","25,720","16,226","31,216","13,715","17,501","1,463","16,038","1,152","14,886","28,384","18,154","31,585","13,799","17,786","1,531","16,255","568","15,687","30,475","19,245","27,687","10,496","17,191","1,306","15,885","571","15,314","26,325","17,380","27,301","10,132","17,169","1,341","15,828","555","15,273","26,455","17,432","29,533","11,588","17,945","1,401","16,544","460","16,084","29,533","17,945"
"서     구","광업","5,064","2,286","2,778","326","2,452","29","2,423","3,526","1,998","4,720","2,012","2,708","213","2,496","27","2,468","3,870","2,236","6,251","2,644","3,606","275","3,331","23","3,308","5,404","3,226","1,056","412","644","66","578","26","552","1,088","690","2,450","1,161","1,289","155","1,134","17","1,117","2,504","1,384","831","336","495","48","447","3","444","831","495"
"서     구","제조업","7,991,299","6,408,499","1,582,800","147,654","1,435,146","4,136","1,431,010","6,598,531","1,288,642","5,620,681","4,402,022","1,218,659","133,843","1,084,816","3,471","1,081,345","5,001,722","979,657","6,804,822","5,436,192","1,368,630","228,264","1,140,367","3,810","1,136,557","6,742,197","1,303,395","6,892,857","5,473,797","1,419,060","225,778","1,193,282","11,760","1,181,522","7,585,465","1,469,566","6,439,683","5,100,350","1,339,333","211,214","1,128,119","11,170","1,116,949","6,848,697","1,350,493","5,237,003","4,203,364","1,033,639","143,084","890,555","7,710","882,845","5,237,003","1,033,639"
"서     구","전기,가스,증기및수도사업","307,362","238,353","69,009","30,023","38,986","237","38,749","207,976","56,173","303,251","247,971","55,280","27,668","27,612","267","27,345","226,687","60,851","343,213","314,089","29,123","41,397","-12,273","228","-12,501","243,009","66,022","86,424","31,397","55,027","21,392","33,635","48","33,587","81,089","52,201","95,920","27,351","68,569","23,377","45,192","54","45,138","93,591","67,118","98,594","29,082","69,512","22,511","47,001","56","46,945","98,594","69,512"
"서     구","건설업","643,791","387,065","256,725","20,261","236,464","1,835","234,629","525,224","227,894","1,043,250","616,496","426,754","22,673","404,080","2,864","401,216","986,683","392,473","869,534","534,218","335,316","20,720","314,596","1,459","313,137","758,142","267,018","735,998","427,959","308,039","19,066","288,973","2,377","286,596","697,032","294,042","760,531","434,150","326,381","19,796","306,585","2,360","304,225","740,756","321,157","801,353","464,822","336,531","18,091","318,440","4,115","314,325","801,353","336,531"
"서     구","도매및소매업","1,269,828","558,232","711,596","46,941","664,654","6,378","658,276","1,125,312","649,995","1,191,627","524,621","667,006","50,643","616,363","7,070","609,293","1,104,015","632,741","1,224,306","394,418","829,888","28,510","801,377","4,571","796,806","1,141,123","804,333","1,104,036","465,765","638,271","53,575","584,696","6,803","577,893","1,095,377","627,615","1,141,983","492,675","649,308","47,736","601,572","7,945","593,627","1,140,812","647,093","981,497","428,458","553,039","53,154","499,885","5,690","494,195","981,497","553,039"
"서     구","운수업","320,122","152,478","167,643","18,032","149,611","2,596","147,015","274,718","155,219","258,781","119,674","139,107","30,797","108,310","2,424","105,886","226,688","128,091","359,322","175,112","184,210","20,624","163,587","2,639","160,948","324,449","187,139","246,661","108,248","138,413","30,005","108,408","1,717","106,691","228,863","128,960","376,209","186,521","189,688","37,630","152,058","2,691","149,367","362,479","187,144","364,741","181,576","183,165","32,609","150,556","2,336","148,220","364,741","183,165"
"서     구","숙박및음식점업","416,083","289,790","126,293","3,313","122,980","1,438","121,541","358,924","118,037","449,909","316,558","133,351","3,423","129,927","1,579","128,348","396,927","126,943","417,424","285,428","131,996","3,346","128,650","1,133","127,517","383,563","124,412","383,618","256,218","127,400","3,199","124,201","1,644","122,557","371,373","119,829","367,076","246,913","120,163","2,925","117,238","1,554","115,684","361,663","116,239","332,546","223,096","109,450","2,696","106,754","1,212","105,542","332,546","109,450"
"서     구","정보및통신업","320,542","194,092","126,449","25,612","100,838","352","100,486","313,484","139,310","268,296","167,472","100,823","35,214","65,609","293","65,316","262,231","109,410","213,033","131,100","81,933","31,099","50,833","226","50,608","216,436","93,067","143,666","82,072","61,594","12,284","49,310","746","48,564","140,336","60,636","156,799","87,866","68,933","15,328","53,605","988","52,617","156,052","69,721","230,354","126,065","104,289","32,764","71,525","1,216","70,309","230,354","104,289"
"서     구","금융및보험업","1,248,771","604,067","644,704","33,608","611,096","3,393","607,703","1,216,946","638,000","975,672","488,360","487,312","26,259","461,054","2,654","458,399","993,326","511,426","958,733","462,580","496,152","29,118","467,034","2,353","464,681","939,910","498,423","751,763","378,083","373,680","19,990","353,690","2,666","351,024","746,478","374,271","590,874","281,446","309,428","18,164","291,264","2,130","289,134","588,911","311,046","442,226","191,570","250,656","14,035","236,621","1,335","235,286","442,226","250,656"
"서     구","부동산업및임대업","701,398","190,873","510,525","89,395","421,130","23,140","397,989","653,421","471,625","687,395","187,600","499,795","84,997","414,797","22,302","392,495","643,652","459,342","676,458","188,831","487,628","78,612","409,016","22,373","386,642","596,379","450,908","638,142","172,314","465,828","76,657","389,171","27,992","361,179","619,900","438,857","509,110","129,273","379,837","63,352","316,485","20,745","295,740","478,583","344,182","539,157","147,955","391,202","65,075","326,127","14,483","311,644","539,157","391,202"
"서     구","사업서비스업","479,781","175,094","304,687","11,786","292,901","1,456","291,445","394,807","240,885","447,544","154,351","293,193","12,248","280,944","1,449","279,495","383,540","243,572","477,868","163,786","314,082","13,821","300,261","1,450","298,811","419,360","269,328","301,172","103,381","197,791","8,535","189,256","1,136","188,120","281,316","178,967","332,730","112,231","220,499","10,234","210,265","1,176","209,089","321,181","209,556","216,728","78,749","137,979","5,760","132,219","676","131,543","216,728","137,979"
"서     구","공공행정,국방및사회보장행정","446,577","119,072","327,505","55,480","272,025","34","271,991","383,008","280,443","469,974","145,506","324,468","45,941","278,527","34","278,493","410,099","281,597","415,694","133,442","282,253","47,866","234,386","31","234,356","375,330","254,184","637,021","141,661","495,360","102,664","392,696","47","392,649","602,034","464,092","532,285","105,670","426,615","87,426","339,189","34","339,155","517,367","413,971","794,295","166,028","628,267","116,632","511,635","47","511,588","794,295","628,267"
"서     구","교육서비스업","496,854","122,759","374,095","32,903","341,192","394","340,798","411,892","310,419","492,543","106,749","385,795","28,416","357,379","338","357,042","415,372","323,721","372,088","71,687","300,401","18,341","282,060","280","281,780","323,462","260,183","336,815","70,570","266,245","21,449","244,796","493","244,303","309,111","243,373","301,213","61,750","239,463","18,629","220,834","81","220,753","289,973","230,511","277,958","56,019","221,939","17,290","204,649","63","204,586","277,958","221,939"
"서     구","보건업및사회복지서비스업","501,723","222,521","279,202","26,230","252,972","1,073","251,899","440,970","243,519","445,324","196,835","248,489","22,843","225,645","1,007","224,638","400,828","222,046","410,459","183,684","226,775","21,767","205,007","911","204,096","378,582","204,034","343,896","148,373","195,523","18,140","177,383","774","176,609","326,485","181,300","284,443","122,116","162,327","14,729","147,598","134","147,464","278,162","157,393","227,876","94,859","133,017","11,486","121,531","30","121,501","227,876","133,017"
"서     구","예술,스포츠및여가관련서비스업","83,692","38,761","44,932","4,413","40,518","1,655","38,863","76,302","42,356","75,698","25,800","49,898","4,409","45,489","1,486","44,003","69,870","47,156","71,984","31,429","40,556","4,341","36,215","1,091","35,123","69,032","39,789","63,765","27,408","36,357","3,794","32,563","288","32,275","62,646","35,986","62,826","27,377","35,449","3,650","31,799","64","31,735","62,721","35,792","59,472","26,767","32,705","3,356","29,349","52","29,297","59,472","32,705"
"서     구","기타서비스업","326,176","183,882","142,294","10,086","132,209","2,042","130,167","283,746","123,861","330,610","181,132","149,478","9,758","139,720","2,202","137,518","291,686","130,342","317,187","167,728","149,459","10,372","139,087","1,793","137,294","288,020","135,389","256,451","139,881","116,570","8,317","108,253","384","107,869","243,359","110,124","234,829","128,739","106,090","7,399","98,691","87","98,604","228,575","103,417","205,148","117,306","87,842","6,130","81,712","63","81,649","205,148","87,842"
"남     구","총부가가치(기초가격)","3,720,399","1,764,931","1,955,468","209,558","1,745,910","18,461","1,727,449","3,178,778","1,715,609","3,278,179","1,519,782","1,758,397","209,549","1,548,848","16,152","1,532,696","2,930,268","1,593,191","3,252,384","1,558,219","1,694,165","197,393","1,496,772","13,906","1,482,866","2,960,061","1,582,119","2,658,830","1,184,988","1,473,842","151,860","1,321,982","16,229","1,305,753","2,543,663","1,398,645","2,621,882","1,170,347","1,451,535","139,086","1,312,449","14,522","1,297,927","2,568,095","1,418,787","2,479,190","1,078,170","1,401,020","135,951","1,265,069","12,000","1,253,069","2,479,190","1,401,020"
"남     구","농림어업","51,059","18,366","32,693","3,058","29,635","1,856","27,779","39,147","25,474","46,570","18,469","28,101","2,227","25,874","1,719","24,155","41,797","27,982","42,713","16,821","25,892","2,094","23,798","768","23,030","40,639","26,945","54,500","20,642","33,858","2,576","31,282","1,125","30,157","51,825","34,256","53,715","19,887","33,828","2,645","31,183","1,092","30,091","52,044","34,360","52,611","19,362","33,249","2,622","30,627","819","29,808","52,611","33,249"
"남     구","광업","2","1","1","0","1","0","1","2","1","2","1","1","0","1","0","1","2","1","3","1","2","0","2","0","2","3","2","15","6","9","1","8","0","8","16","10","11","5","6","1","5","0","5","11","6","558","226","332","32","300","2","298","558","332"
"남     구","제조업","241,731","188,606","53,125","5,247","47,878","125","47,753","194,840","44,726","181,449","141,980","39,469","4,435","35,035","112","34,922","150,043","33,281","251,163","200,505","50,659","8,002","42,656","140","42,516","207,241","46,534","100,786","76,615","24,171","3,583","20,588","172","20,416","100,206","24,142","105,832","80,893","24,939","3,663","21,276","183","21,093","105,348","24,698","98,972","74,611","24,361","3,398","20,963","147","20,816","98,972","24,361"
"남     구","전기,가스,증기및수도사업","145,470","113,412","32,058","14,456","17,602","112","17,490","98,506","26,276","123,668","98,961","24,707","12,530","12,177","109","12,068","93,193","26,751","135,916","121,292","14,624","18,705","-4,082","90","-4,172","97,847","28,822","12,610","5,345","7,265","2,840","4,425","7","4,418","11,721","6,885","1,342","721","621","207","414","1","413","1,262","598","2,298","1,123","1,175","356","819","1","818","2,298","1,175"
"남     구","건설업","496,914","331,109","165,805","13,074","152,731","1,416","151,315","407,098","151,418","412,417","258,738","153,679","12,805","140,874","1,111","139,764","382,003","142,429","492,591","319,593","172,999","5,752","167,247","827","166,420","466,590","148,684","491,736","299,735","192,001","10,989","181,012","1,588","179,424","467,062","183,970","437,364","259,678","177,686","9,776","167,910","1,357","166,553","426,762","175,281","402,169","239,993","162,176","8,221","153,955","2,065","151,890","402,169","162,176"
"남     구","도매및소매업","418,575","184,665","233,911","15,286","218,625","2,112","216,513","370,476","207,736","279,319","114,727","164,592","5,833","158,759","1,065","157,694","259,315","154,233","268,427","85,962","182,465","3,640","178,825","717","178,108","250,159","177,275","270,574","109,306","161,268","7,279","153,989","1,426","152,563","268,443","158,579","310,509","115,610","194,899","13,601","181,298","1,143","180,155","309,983","194,145","308,450","116,484","191,966","4,827","187,139","975","186,164","308,450","191,966"
"남     구","운수업","163,647","79,615","84,032","9,529","74,504","1,327","73,177","139,229","76,874","154,533","54,247","100,286","24,665","75,621","1,447","74,174","137,342","92,451","179,965","66,021","113,945","27,067","86,878","1,321","85,557","165,265","112,853","141,508","50,413","91,095","19,239","71,856","984","70,872","131,140","84,457","160,278","69,455","90,823","10,798","80,025","1,147","78,878","154,807","89,989","160,122","71,698","88,424","8,965","79,459","1,026","78,433","160,122","88,424"
"남     구","숙박및음식점업","156,002","106,533","49,469","4,465","45,004","412","44,592","134,438","46,381","167,643","115,424","52,219","4,704","47,515","439","47,077","147,758","49,833","156,519","104,997","51,522","4,551","46,972","367","46,605","143,699","48,496","145,141","94,837","50,304","4,607","45,697","542","45,155","140,488","47,297","132,108","86,779","45,329","4,083","41,246","489","40,757","130,152","43,842","123,437","81,043","42,394","3,793","38,601","391","38,210","123,437","42,394"
"남     구","정보및통신업","205,004","127,950","77,054","16,705","60,349","225","60,124","201,404","86,505","206,458","121,423","85,035","27,806","57,230","225","57,004","202,417","91,628","212,982","125,968","87,014","27,053","59,960","226","59,735","213,517","96,793","90,885","52,471","38,414","8,710","29,704","472","29,232","89,657","38,571","80,126","48,591","31,535","4,799","26,736","505","26,231","79,598","31,683","187,532","104,827","82,705","24,252","58,453","990","57,463","187,532","82,705"
"남     구","금융및보험업","103,220","42,604","60,616","3,110","57,507","322","57,185","98,636","57,983","115,498","51,066","64,432","4,373","60,059","304","59,755","117,961","67,741","133,367","59,777","73,590","3,689","69,901","293","69,608","131,078","74,078","152,786","65,875","86,911","4,538","82,373","531","81,842","158,042","93,151","149,628","62,914","86,714","4,261","82,453","525","81,928","150,954","88,807","126,867","46,685","80,182","3,866","76,316","367","75,949","126,867","80,182"
"남     구","부동산업및임대업","173,459","37,806","135,654","25,399","110,255","6,387","103,868","163,621","125,307","169,696","36,901","132,796","24,844","107,952","5,919","102,033","161,437","122,185","172,209","37,432","134,778","23,831","110,947","6,178","104,769","166,085","128,619","161,070","35,503","125,567","22,820","102,747","7,599","95,148","157,236","119,362","162,410","39,729","122,681","22,083","100,598","7,421","93,177","160,230","115,969","163,304","40,296","123,008","22,547","100,461","4,670","95,791","163,304","123,008"
"남     구","사업서비스업","151,392","54,412","96,980","4,141","92,839","446","92,392","126,750","78,703","149,989","52,277","97,712","4,293","93,419","488","92,931","133,151","85,470","108,272","36,381","71,890","3,134","68,756","320","68,436","97,172","63,803","74,221","25,894","48,327","2,198","46,129","276","45,853","69,547","43,902","70,225","27,265","42,960","1,849","41,111","249","40,862","68,423","41,371","95,300","31,808","63,492","2,868","60,624","296","60,328","95,300","63,492"
"남     구","공공행정,국방및사회보장행정","161,013","24,988","136,025","23,573","112,451","12","112,439","138,093","116,478","128,986","23,043","105,943","17,546","88,397","9","88,387","112,553","91,945","103,778","16,602","87,176","17,125","70,051","8","70,043","93,701","78,507","105,256","23,407","81,849","16,963","64,886","8","64,878","99,475","76,683","96,457","19,149","77,308","15,843","61,465","6","61,459","93,754","75,017","96,539","20,179","76,360","14,175","62,185","6","62,179","96,539","76,360"
"남     구","교육서비스업","522,375","99,284","423,091","37,849","385,242","442","384,800","427,118","345,206","497,599","103,026","394,573","33,548","361,025","432","360,593","415,342","327,989","400,373","76,713","323,660","24,757","298,903","391","298,513","343,331","276,740","336,374","66,645","269,729","21,529","248,200","484","247,716","305,763","243,203","318,392","61,030","257,362","20,491","236,871","133","236,738","305,703","246,855","302,575","55,323","247,252","20,121","227,131","121","227,010","302,575","247,252"
"남     구","보건업및사회복지서비스업","462,440","207,777","254,663","24,887","229,776","908","228,868","405,640","221,463","408,222","184,495","223,727","21,933","201,794","795","200,999","366,307","199,248","361,840","164,430","197,410","19,750","177,660","678","176,983","331,965","176,348","297,418","132,561","164,857","16,510","148,347","552","147,795","281,364","151,856","313,014","143,361","169,653","17,884","151,769","160","151,609","305,849","164,045","168,621","69,865","98,756","8,454","90,302","23","90,279","168,621","98,756"
"남     구","예술,스포츠및여가관련서비스업","48,956","22,675","26,281","2,582","23,698","941","22,758","44,392","24,511","35,642","30,648","4,994","2,154","2,840","689","2,151","32,677","4,036","35,239","15,570","19,669","2,007","17,661","508","17,153","33,582","19,105","41,083","17,809","23,274","2,178","21,096","190","20,906","39,377","22,011","39,821","17,451","22,370","2,081","20,289","41","20,248","39,378","22,195","36,162","16,174","19,988","1,876","18,112","32","18,080","36,162","19,988"
"남     구","기타서비스업","219,137","125,127","94,010","6,197","87,813","1,419","86,395","189,388","80,566","200,487","114,356","86,130","5,854","80,276","1,288","78,988","176,971","75,988","197,027","110,156","86,871","6,235","80,636","1,075","79,561","178,188","78,516","182,867","107,924","74,943","5,300","69,643","273","69,370","172,298","70,310","190,650","117,829","72,821","5,021","67,800","70","67,730","183,838","69,926","153,673","88,473","65,200","5,578","59,622","69","59,553","153,673","65,200"
"북     구","총부가가치(기초가격)","12,441,210","6,768,591","5,672,619","616,305","5,056,315","49,555","5,006,760","11,155,450","5,152,844","10,865,224","5,875,627","4,989,596","604,864","4,384,732","44,453","4,340,280","9,809,150","4,633,442","11,017,421","6,126,757","4,890,664","584,686","4,305,978","40,190","4,265,788","9,966,914","4,611,404","9,625,544","4,785,626","4,839,918","509,579","4,330,339","50,290","4,280,049","9,529,369","4,661,175","9,212,064","4,480,727","4,731,337","469,743","4,261,594","39,961","4,221,633","9,101,604","4,580,428","9,268,597","4,610,480","4,658,117","474,971","4,183,146","36,426","4,146,720","9,268,597","4,658,117"
"북     구","농림어업","58,395","21,187","37,208","3,350","33,858","2,122","31,735","44,079","28,793","52,092","20,167","31,926","2,496","29,430","1,922","27,508","46,436","31,369","51,309","19,473","31,836","2,516","29,320","923","28,397","48,463","32,616","75,441","28,506","46,935","3,565","43,370","1,557","41,813","71,685","47,419","74,251","27,447","46,804","3,655","43,149","1,509","41,640","71,904","47,497","72,828","26,832","45,996","3,624","42,372","1,134","41,238","72,828","45,996"
"북     구","광업","122","55","67","8","59","1","58","85","48","113","48","65","5","60","1","59","93","54","150","63","87","7","80","1","79","130","77","378","148","230","24","206","9","197","389","247","432","205","227","27","200","3","197","442","244","1,228","497","731","70","661","4","657","1,228","731"
"북     구","제조업","4,015,820","2,943,387","1,072,432","133,818","938,615","2,079","936,536","3,852,906","1,047,635","3,309,244","2,443,130","866,114","120,396","745,718","2,042","743,676","3,099,951","851,171","3,210,124","2,433,370","776,754","110,726","666,028","1,797","664,230","2,820,176","750,018","2,467,124","1,747,720","719,404","124,143","595,261","4,208","591,053","2,663,466","743,429","2,292,267","1,584,124","708,143","97,486","610,657","3,977","606,680","2,440,473","715,873","2,328,570","1,629,655","698,915","90,417","608,498","3,428","605,070","2,328,570","698,915"
"북     구","전기,가스,증기및수도사업","435,608","339,620","95,988","42,347","53,641","335","53,306","294,352","78,193","382,567","308,809","73,757","37,000","36,757","337","36,420","287,388","80,412","419,311","377,908","41,403","55,348","-13,945","279","-14,223","300,091","85,833","102,919","39,928","62,991","31,074","31,917","57","31,860","98,469","62,446","84,190","29,092","55,098","21,731","33,367","47","33,320","82,181","54,733","54,306","16,671","37,635","14,008","23,627","31","23,596","54,306","37,635"
"북     구","건설업","568,080","345,384","222,695","19,064","203,632","1,619","202,013","462,220","198,359","535,129","333,100","202,029","9,675","192,354","1,223","191,131","421,936","183,823","997,333","622,660","374,673","17,513","357,160","1,674","355,486","1,024,928","328,037","1,108,977","658,187","450,790","26,162","424,628","3,581","421,047","1,051,664","430,757","1,180,972","695,837","485,135","26,416","458,719","3,665","455,054","1,152,637","478,063","1,044,697","612,880","431,817","22,787","409,030","5,364","403,666","1,044,697","431,817"
"북     구","도매및소매업","1,657,626","728,559","929,067","61,321","867,746","8,323","859,423","1,466,655","850,179","1,257,996","536,665","721,331","51,179","670,151","5,793","664,358","1,162,845","693,394","1,246,821","544,345","702,476","65,692","636,783","6,030","630,754","1,159,396","673,478","1,252,042","506,757","745,285","40,484","704,801","7,139","697,662","1,242,452","732,756","1,264,888","465,160","799,728","42,104","757,624","5,614","752,010","1,263,824","796,946","1,349,017","498,745","850,272","48,378","801,894","5,122","796,772","1,349,017","850,272"
"북     구","운수업","483,810","231,428","252,382","35,731","216,651","3,923","212,728","413,755","230,944","379,602","172,792","206,810","24,056","182,754","3,555","179,199","327,585","184,759","351,911","162,556","189,355","23,398","165,956","2,583","163,373","317,651","189,321","361,564","155,968","205,596","26,544","179,052","2,517","176,535","333,900","189,818","326,898","141,133","185,765","23,514","162,251","2,338","159,913","312,719","179,845","290,393","127,531","162,862","22,859","140,003","1,859","138,144","290,393","162,862"
"북     구","숙박및음식점업","504,279","334,045","170,234","3,589","166,644","1,181","165,464","434,817","159,402","542,223","362,493","179,730","3,900","175,830","1,282","174,548","478,171","171,348","521,984","340,102","181,882","3,770","178,113","978","177,134","479,396","171,269","477,481","303,262","174,219","3,650","170,569","1,409","169,160","462,202","163,822","455,580","290,593","164,987","3,347","161,640","1,326","160,314","448,857","159,585","427,435","272,771","154,664","3,105","151,559","1,072","150,487","427,435","154,664"
"북     구","정보및통신업","390,156","241,805","148,351","32,990","115,361","428","114,933","386,827","170,371","350,998","217,588","133,410","52,000","81,410","383","81,027","347,055","148,579","325,413","196,556","128,856","48,663","80,194","344","79,849","330,210","145,062","221,411","123,778","97,633","22,736","74,897","1,150","73,747","215,771","95,991","148,202","85,163","63,039","16,438","46,601","934","45,667","147,319","63,685","329,249","180,177","149,072","49,103","99,969","1,738","98,231","329,249","149,072"
"북     구","금융및보험업","509,175","235,523","273,651","14,189","259,462","1,452","258,011","493,343","267,847","469,332","222,727","246,605","14,098","232,506","1,443","231,064","477,645","258,238","516,673","246,893","269,780","11,324","258,456","881","257,575","508,925","273,103","342,120","126,982","215,138","11,538","203,600","1,479","202,121","346,460","221,830","307,039","106,911","200,128","9,846","190,282","1,376","188,906","307,851","202,566","476,364","206,371","269,993","13,708","256,285","1,572","254,713","476,364","269,993"
"북     구","부동산업및임대업","631,438","178,421","453,017","78,871","374,146","18,426","355,721","587,035","418,188","615,575","174,681","440,893","74,478","366,415","17,277","349,138","575,347","405,223","577,623","160,657","416,966","67,972","348,994","16,909","332,085","475,521","391,106","569,473","158,059","411,414","68,380","343,034","21,842","321,192","554,244","389,412","637,494","191,001","446,493","69,177","377,316","17,258","360,058","501,356","355,444","573,842","165,191","408,651","68,111","340,540","13,313","327,227","573,842","408,651"
"북     구","사업서비스업","483,876","175,166","308,710","12,783","295,928","1,466","294,462","406,464","251,601","444,909","155,305","289,605","14,851","274,754","1,314","273,440","380,983","240,495","396,070","133,485","262,585","12,474","250,110","1,122","248,989","345,926","224,055","546,603","188,482","358,121","17,238","340,883","2,003","338,880","515,861","328,717","363,290","124,030","239,260","11,669","227,591","1,221","226,370","350,629","227,560","320,138","108,952","211,186","9,919","201,267","1,025","200,242","320,138","211,186"
"북     구","공공행정,국방및사회보장행정","592,077","161,682","430,394","68,595","361,799","34","361,765","507,818","368,384","574,993","163,747","411,246","97,211","314,035","31","314,004","501,999","356,553","462,785","147,176","315,610","52,238","263,371","24","263,347","418,001","284,133","340,456","100,058","240,398","43,129","197,269","16","197,253","321,924","225,133","332,998","92,808","240,190","43,035","197,155","14","197,141","323,818","233,008","217,750","69,500","148,250","23,012","125,238","6","125,232","217,750","148,250"
"북     구","교육서비스업","746,225","167,979","578,245","49,989","528,256","727","527,529","613,236","473,714","737,909","200,565","537,344","49,340","488,004","876","487,128","618,410","449,166","818,823","202,295","616,528","62,456","554,072","698","553,374","710,329","536,022","743,710","161,906","581,804","45,827","535,977","1,029","534,948","681,847","530,603","688,109","147,853","540,256","51,453","488,803","169","488,634","662,377","519,810","613,399","128,307","485,092","46,062","439,030","133","438,897","613,399","485,092"
"북     구","보건업및사회복지서비스업","717,454","308,375","409,079","35,641","373,438","1,740","371,698","629,424","356,674","666,410","287,600","378,810","33,136","345,674","1,632","344,042","598,593","337,921","566,309","245,261","321,047","28,544","292,503","1,392","291,112","520,435","288,259","506,796","220,816","285,980","25,624","260,356","1,089","259,267","482,719","266,506","453,022","198,222","254,800","23,340","231,460","180","231,280","443,547","247,414","631,116","281,411","349,705","38,823","310,882","381","310,501","631,116","349,705"
"북     구","예술,스포츠및여가관련서비스업","155,503","71,710","83,792","9,037","74,756","2,784","71,971","140,722","77,958","154,754","50,075","104,679","9,697","94,983","2,942","92,040","142,541","98,626","168,438","73,049","95,388","10,079","85,310","2,578","82,732","160,260","92,121","141,985","61,275","80,710","8,196","72,514","660","71,854","138,707","79,049","139,630","60,998","78,632","7,892","70,740","146","70,594","139,141","79,120","129,882","58,015","71,867","7,220","64,647","116","64,531","129,882","71,867"
"북     구","기타서비스업","491,567","284,262","207,305","14,982","192,323","2,914","189,408","421,715","174,554","391,379","226,136","165,243","11,347","153,896","2,398","151,498","342,171","142,310","386,344","220,905","165,439","11,966","153,474","1,979","151,495","347,077","146,895","367,064","203,794","163,270","11,265","152,005","545","151,460","347,609","153,240","462,802","240,150","222,652","18,613","204,039","184","203,855","452,531","219,035","408,383","226,974","181,409","13,765","167,644","128","167,516","408,383","181,409"
"광 산 구","총부가가치(기초가격)","25,922,168","18,501,019","7,421,149","923,002","6,498,147","57,211","6,440,936","21,452,418","6,752,674","21,283,665","15,177,017","6,106,648","860,642","5,246,006","54,096","5,191,910","18,322,230","6,080,854","13,969,961","8,690,167","5,279,794","13,234,872","5,117,771","4,980,096","600,004","44,939","4,634,851","17,905,203","11,871,096","6,034,107","869,635","5,164,472","63,477","5,100,995","17,771,054","6,028,620","16,363,661","10,853,327","5,510,334","772,873","4,737,461","57,589","4,679,872","16,414,859","5,495,416","14,837,253","9,965,145","4,872,108","642,760","4,229,348","40,929","4,188,419","14,837,253","4,872,108"
"광 산 구","농림어업","186,001","67,636","118,364","10,557","107,807","6,760","101,048","139,873","91,447","160,796","61,396","99,400","7,706","91,694","5,934","85,760","142,670","96,851","157,136","59,102","98,033","7,723","90,311","2,826","87,485","148,386","100,277","138,261","52,254","86,007","6,533","79,474","2,853","76,621","131,388","86,907","136,098","50,313","85,785","6,699","79,086","2,766","76,320","131,802","87,063","133,173","48,983","84,190","6,635","77,555","2,073","75,482","133,173","84,190"
"광 산 구","광업","851","384","467","55","412","5","407","592","336","793","338","455","36","419","5","415","650","376","1,050","444","606","46","560","4","556","908","542","1,693","661","1,032","106","926","41","885","1,743","1,106","2,775","1,314","1,461","175","1,286","20","1,266","2,835","1,567","1,616","654","962","93","869","5","864","1,616","962"
"광 산 구","제조업","19,083,231","15,169,629","3,913,601","469,102","3,444,499","9,879","3,434,620","15,610,711","3,614,660","14,717,157","12,076,264","2,640,893","437,151","2,203,742","9,085","2,194,657","12,526,725","2,877,734","11,867,798","9,218,904","2,648,894","453,971","2,194,923","6,645","2,188,278","10,263,668","2,474,609","11,044,668","8,498,229","2,546,439","440,900","2,105,539","18,843","2,086,696","11,215,164","2,664,677","10,259,222","7,802,155","2,457,067","392,746","2,064,321","17,799","2,046,522","10,477,106","2,499,390","9,955,438","7,572,770","2,382,668","352,892","2,029,776","14,657","2,015,119","9,955,438","2,382,668"
"광 산 구","전기,가스,증기및수도사업","518,969","411,709","107,260","42,576","64,684","400","64,284","344,423","83,966","355,704","287,964","67,740","34,990","32,750","314","32,436","267,194","74,701","394,304","357,182","37,122","57,130","-20,009","262","-20,271","283,762","81,139","821,418","654,159","167,259","55,509","111,750","452","111,298","713,451","148,308","751,642","591,025","160,617","52,526","108,091","420","107,671","681,203","147,081","658,536","518,807","139,729","52,091","87,638","371","87,267","658,536","139,729"
"광 산 구","건설업","1,129,083","766,322","362,761","30,003","332,758","3,218","329,540","917,904","332,810","1,206,411","825,112","381,299","29,089","352,210","2,875","349,335","987,949","355,883","1,727,145","1,143,439","583,706","55,437","528,269","2,898","525,371","1,110,453","605,516","1,347,424","833,622","513,802","26,169","487,633","4,351","483,282","1,279,964","492,485","1,243,819","752,969","490,850","25,074","465,776","3,861","461,915","1,213,606","483,868","908,220","546,214","362,006","19,595","342,411","4,664","337,747","908,220","362,006"
"광 산 구","도매및소매업","663,034","292,502","370,532","24,217","346,315","3,345","342,970","583,972","330,161","862,130","338,250","523,880","25,254","498,626","5,384","493,242","798,087","497,828","771,943","411,417","360,526","39,894","320,632","5,553","315,079","717,859","343,593","794,987","292,810","502,177","22,469","479,708","4,750","474,958","788,703","493,835","673,692","304,719","368,973","21,985","346,988","5,460","341,528","673,242","367,730","547,081","249,179","297,902","19,932","277,970","3,612","274,358","547,081","297,902"
"광 산 구","운수업","546,506","290,607","255,900","32,367","223,533","4,432","219,101","478,921","247,134","420,129","211,367","208,762","31,077","177,685","3,935","173,750","371,635","195,752","294,540","156,229","138,311","23,842","114,470","2,163","112,307","263,318","140,600","391,395","188,725","202,670","22,582","180,088","2,725","177,363","373,025","199,568","282,593","129,949","152,644","14,689","137,955","2,022","135,933","275,440","152,692","216,202","101,312","114,890","10,971","103,919","1,385","102,534","216,202","114,890"
"광 산 구","숙박및음식점업","341,134","248,361","92,773","6,011","86,762","2,534","84,228","293,892","86,982","244,784","179,009","65,775","4,455","61,320","1,831","59,488","215,775","62,710","312,004","223,544","88,460","5,638","82,822","1,824","80,999","286,327","83,244","275,473","192,548","82,925","5,247","77,678","2,542","75,136","266,601","77,955","256,961","180,494","76,467","4,643","71,824","2,335","69,489","253,137","73,951","233,847","164,025","69,822","4,208","65,614","1,833","63,781","233,847","69,822"
"광 산 구","정보및통신업","273,203","168,475","104,728","24,603","80,125","300","79,825","272,449","120,799","279,223","173,752","105,472","36,882","68,590","305","68,285","272,716","114,990","263,407","161,880","101,527","33,382","68,145","279","67,866","262,933","109,894","575,836","325,496","250,340","98,129","152,211","2,991","149,220","597,342","275,078","588,884","322,212","266,672","98,321","168,351","3,711","164,640","588,526","269,517","196,954","104,404","92,550","31,964","60,586","1,040","59,546","196,954","92,550"
"광 산 구","금융및보험업","158,029","63,442","94,587","4,742","89,846","477","89,369","150,592","90,216","152,745","66,271","86,474","6,864","79,610","614","78,997","155,862","90,751","150,760","63,746","87,014","4,801","82,213","490","81,723","147,749","87,078","222,804","92,879","129,925","7,086","122,839","1,155","121,684","231,117","139,616","210,282","85,163","125,119","6,637","118,482","1,101","117,381","213,014","128,882","202,917","70,322","132,595","6,856","125,739","734","125,005","202,917","132,595"
"광 산 구","부동산업및임대업","554,953","118,383","436,570","81,827","354,743","19,068","335,675","524,047","403,435","541,202","114,726","426,476","78,532","347,944","17,400","330,544","515,208","392,362","507,752","109,089","398,663","70,627","328,036","17,052","310,984","481,874","375,784","466,211","98,183","368,028","61,798","306,230","20,276","285,954","454,519","346,499","410,697","91,787","318,910","55,015","263,895","16,906","246,989","401,304","309,095","373,952","87,787","286,165","49,880","236,285","9,830","226,455","373,952","286,165"
"광 산 구","사업서비스업","183,265","66,488","116,777","5,009","111,769","552","111,217","154,012","95,173","224,652","76,040","148,612","6,405","142,207","727","141,480","192,550","123,434","185,471","61,676","123,796","5,498","118,298","507","117,791","156,036","100,031","118,261","38,764","79,497","3,972","75,525","432","75,093","110,980","72,395","215,525","79,649","135,876","5,901","129,975","764","129,211","210,041","130,917","121,647","43,676","77,971","3,351","74,620","383","74,237","121,647","77,971"
"광 산 구","공공행정,국방및사회보장행정","665,443","217,467","447,976","106,226","341,750","34","341,716","570,752","383,355","628,457","213,360","415,096","82,415","332,681","30","332,651","548,788","359,708","678,262","214,863","463,400","86,029","377,371","35","377,336","612,635","417,178","389,064","123,411","265,653","44,915","220,738","15","220,723","367,949","248,749","297,899","99,595","198,304","31,263","167,041","7","167,034","289,783","192,331","287,767","96,492","191,275","28,677","162,598","7","162,591","287,767","191,275"
"광 산 구","교육서비스업","574,430","127,085","447,345","38,779","408,567","556","408,010","471,710","366,192","497,025","102,606","394,419","34,338","360,081","333","359,748","416,809","330,565","567,101","112,431","454,670","37,732","416,938","436","416,503","492,104","396,089","490,100","93,665","396,435","34,278","362,157","404","361,753","448,358","361,762","450,810","86,369","364,441","30,651","333,790","142","333,648","433,816","350,938","391,712","74,820","316,892","26,541","290,351","105","290,246","391,712","316,892"
"광 산 구","보건업및사회복지서비스업","552,825","243,192","309,632","28,193","281,440","1,288","280,152","487,804","271,510","513,115","226,840","286,275","26,173","260,102","1,238","258,864","463,872","257,191","415,856","184,729","231,128","21,636","209,492","989","208,503","384,661","208,748","371,644","161,037","210,607","19,720","190,887","819","190,068","352,664","195,132","304,037","132,745","171,292","16,161","155,131","147","154,984","297,216","165,948","301,771","134,494","167,277","16,751","150,526","132","150,394","301,771","167,277"
"광 산 구","예술,스포츠및여가관련서비스업","73,842","34,193","39,649","3,907","35,742","1,471","34,271","67,440","37,507","59,266","9,618","49,649","3,707","45,941","1,201","44,740","55,107","47,600","55,655","24,175","31,480","3,470","28,010","888","27,123","53,819","31,331","46,237","19,941","26,296","2,771","23,525","220","23,305","45,609","26,204","45,876","20,028","25,848","2,683","23,165","49","23,116","45,904","26,200","42,903","19,056","23,847","2,468","21,379","39","21,340","42,903","23,847"
"광 산 구","기타서비스업","417,371","215,145","202,226","14,830","187,396","2,893","184,502","383,326","196,989","420,076","214,104","205,972","15,568","190,404","2,887","187,517","390,632","202,418","384,971","192,603","192,368","15,078","177,290","2,225","175,064","356,164","182,392","409,727","204,712","205,015","17,451","187,564","608","186,956","392,478","198,345","232,849","122,841","110,008","7,704","102,304","79","102,225","226,884","108,246","263,517","132,150","131,367","9,855","121,512","59","121,453","263,517","131,367"
